<?xml version="1.0" encoding="UTF-8"?>
<!--
 This is a WordPress eXtended RSS file generated by WordPress as an export of your site.
 It contains information about your site's posts, pages, comments, categories, and other content.
 You may use this file to transfer that content from one site to another.
 This file is not intended to serve as a complete backup of your site.

 To import this information into a WordPress site follow these steps:
 1. Log in to that site as an administrator.
 2. Go to Tools: Import in the WordPress admin panel.
 3. Install the "WordPress" importer from the list.
 4. Activate & Run Importer.
 5. Upload this file using the form provided on that page.
 6. You will first be asked to map the authors in this export file to users
    on the site. For each author, you may choose to map to an
    existing user on the site or to create a new user.
 7. WordPress will then import each of the posts, pages, comments, categories, etc.
    contained in this file into your site.
-->
<!-- generator="WordPress.com" created="2025-04-04 03:14"-->
<rss version="2.0" xmlns:excerpt="http://wordpress.org/export/1.2/excerpt/" xmlns:content="http://purl.org/rss/1.0/modules/content/" xmlns:wfw="http://wellformedweb.org/CommentAPI/" xmlns:dc="http://purl.org/dc/elements/1.1/" xmlns:wp="http://wordpress.org/export/1.2/">
  <channel>
<title>Site Title</title>
<link>https://albeaak.wordpress.com</link>
<description/>
<pubDate>Fri, 04 Apr 2025 03:14:30 +0000</pubDate>
<language>ar</language>
<wp:wxr_version>1.2</wp:wxr_version>
<wp:base_site_url>http://wordpress.com/</wp:base_site_url>
<wp:base_blog_url>https://albeaak.wordpress.com</wp:base_blog_url>
<wp:author>
  <wp:author_id>263135761</wp:author_id>
  <wp:author_login>albeaak</wp:author_login>
  <wp:author_email>sale@alkabaaek.com</wp:author_email>
  <wp:author_display_name><![CDATA[albeaak]]></wp:author_display_name>
  <wp:author_first_name><![CDATA[Haitham]]></wp:author_first_name>
  <wp:author_last_name><![CDATA[Alensy]]></wp:author_last_name>
</wp:author>
<wp:category>
  <wp:term_id>1</wp:term_id>
  <wp:category_nicename>uncategorized</wp:category_nicename>
  <wp:category_parent/>
  <wp:cat_name><![CDATA[Uncategorized]]></wp:cat_name>
</wp:category>
<generator>http://wordpress.com/</generator>
<image>
		<url>http://s0.wp.com/i/buttonw-com.png</url>
		<title>Site Title</title>
		<link>https://albeaak.wordpress.com</link>
	</image>
	<item>
  <title><![CDATA[About]]></title>
  <link>https://albeaak.wordpress.com/about/</link>
  <pubDate>Wed, 12 Mar 2025 00:48:36 +0000</pubDate>
  <dc:creator>albeaak</dc:creator>
  <guid isPermaLink="false">http://albeaak.wordpress.com/?page_id=1</guid>
  <description/>
  <content:encoded><![CDATA[<!-- wp:paragraph -->
<p>This is an example of a page. Unlike posts, which are displayed on your blog’s front page in the order they’re published, pages are better suited for more timeless content that you want to be easily accessible, like your About or Contact information. Click the Edit link to make changes to this page or <a title="Direct link to Add New Page in your Dashboard" href="https://wordpress.com/page/242519014/new/">add another page</a>.</p>
<!-- /wp:paragraph -->]]></content:encoded>
  <excerpt:encoded><![CDATA[]]></excerpt:encoded>
  <wp:post_id>1</wp:post_id>
  <wp:post_date>2025-03-12 00:48:36</wp:post_date>
  <wp:post_date_gmt>2025-03-12 00:48:36</wp:post_date_gmt>
  <wp:post_modified>2025-03-12 00:48:36</wp:post_modified>
  <wp:post_modified_gmt>2025-03-12 00:48:36</wp:post_modified_gmt>
  <wp:comment_status>closed</wp:comment_status>
  <wp:ping_status>open</wp:ping_status>
  <wp:post_name>about</wp:post_name>
  <wp:status>publish</wp:status>
  <wp:post_parent>0</wp:post_parent>
  <wp:menu_order>0</wp:menu_order>
  <wp:post_type>page</wp:post_type>
  <wp:post_password/>
  <wp:is_sticky>0</wp:is_sticky>
  <wp:postmeta>
    <wp:meta_key>_wp_page_template</wp:meta_key>
    <wp:meta_value><![CDATA[default]]></wp:meta_value>
  </wp:postmeta>
  <wp:postmeta>
    <wp:meta_key>_elasticsearch_data_sharing_indexed_on</wp:meta_key>
    <wp:meta_value><![CDATA[2025-03-12 00:48:38]]></wp:meta_value>
  </wp:postmeta>
</item>
<item>
  <title><![CDATA[مرحبًا أيها العالم!]]></title>
  <link>https://albeaak.wordpress.com/2025/03/12/hello-world/</link>
  <pubDate>Wed, 12 Mar 2025 00:43:37 +0000</pubDate>
  <dc:creator>albeaak</dc:creator>
  <guid isPermaLink="false">https://albeaak.wordpress.com/2025/03/12/hello-world/</guid>
  <description/>
  <content:encoded><![CDATA[<!-- wp:paragraph -->
<p>مرحباً بك في ووردبريس! هذه هي مقالتك الأولى. قم بتحريرها أو حذفها لاتخاذ الخطوة الأولى في رحلة التدوين لديك.</p>
<!-- /wp:paragraph -->]]></content:encoded>
  <excerpt:encoded><![CDATA[]]></excerpt:encoded>
  <wp:post_id>2</wp:post_id>
  <wp:post_date>2025-03-12 00:43:37</wp:post_date>
  <wp:post_date_gmt>2025-03-12 00:43:37</wp:post_date_gmt>
  <wp:post_modified>2025-03-12 00:43:37</wp:post_modified>
  <wp:post_modified_gmt>2025-03-12 00:43:37</wp:post_modified_gmt>
  <wp:comment_status>open</wp:comment_status>
  <wp:ping_status>open</wp:ping_status>
  <wp:post_name>hello-world</wp:post_name>
  <wp:status>publish</wp:status>
  <wp:post_parent>0</wp:post_parent>
  <wp:menu_order>0</wp:menu_order>
  <wp:post_type>post</wp:post_type>
  <wp:post_password/>
  <wp:is_sticky>0</wp:is_sticky>
  <category domain="category" nicename="uncategorized"><![CDATA[Uncategorized]]></category>
  <wp:postmeta>
    <wp:meta_key>_headstart_post</wp:meta_key>
    <wp:meta_value><![CDATA[_hs_extra]]></wp:meta_value>
  </wp:postmeta>
  <wp:postmeta>
    <wp:meta_key>sharing_disabled</wp:meta_key>
    <wp:meta_value><![CDATA[a:1:{i:0;N;}]]></wp:meta_value>
  </wp:postmeta>
  <wp:postmeta>
    <wp:meta_key>switch_like_status</wp:meta_key>
    <wp:meta_value><![CDATA[a:1:{i:0;N;}]]></wp:meta_value>
  </wp:postmeta>
  <wp:postmeta>
    <wp:meta_key>_starter_page_template</wp:meta_key>
    <wp:meta_value><![CDATA[]]></wp:meta_value>
  </wp:postmeta>
  <wp:postmeta>
    <wp:meta_key>_hs_old_id</wp:meta_key>
    <wp:meta_value><![CDATA[4]]></wp:meta_value>
  </wp:postmeta>
  <wp:postmeta>
    <wp:meta_key>_wpas_skip_all_services</wp:meta_key>
    <wp:meta_value><![CDATA[1]]></wp:meta_value>
  </wp:postmeta>
  <wp:postmeta>
    <wp:meta_key>_publicize_pending</wp:meta_key>
    <wp:meta_value><![CDATA[1]]></wp:meta_value>
  </wp:postmeta>
  <wp:postmeta>
    <wp:meta_key>_elasticsearch_data_sharing_indexed_on</wp:meta_key>
    <wp:meta_value><![CDATA[2025-03-12 00:48:37]]></wp:meta_value>
  </wp:postmeta>
</item>
<item>
  <title><![CDATA[التنقل]]></title>
  <link>https://albeaak.wordpress.com/2025/03/12/navigation/</link>
  <pubDate>Wed, 12 Mar 2025 00:49:28 +0000</pubDate>
  <dc:creator/>
  <guid isPermaLink="false">https://albeaak.wordpress.com/2025/03/12/navigation/</guid>
  <description/>
  <content:encoded><![CDATA[<!-- wp:page-list /-->]]></content:encoded>
  <excerpt:encoded><![CDATA[]]></excerpt:encoded>
  <wp:post_id>3</wp:post_id>
  <wp:post_date>2025-03-12 03:49:28</wp:post_date>
  <wp:post_date_gmt>2025-03-12 00:49:28</wp:post_date_gmt>
  <wp:post_modified>2025-03-12 03:49:28</wp:post_modified>
  <wp:post_modified_gmt>2025-03-12 00:49:28</wp:post_modified_gmt>
  <wp:comment_status>closed</wp:comment_status>
  <wp:ping_status>closed</wp:ping_status>
  <wp:post_name>navigation</wp:post_name>
  <wp:status>publish</wp:status>
  <wp:post_parent>0</wp:post_parent>
  <wp:menu_order>0</wp:menu_order>
  <wp:post_type>wp_navigation</wp:post_type>
  <wp:post_password/>
  <wp:is_sticky>0</wp:is_sticky>
</item>
<item>
  <title><![CDATA[Custom Styles]]></title>
  <link>https://albeaak.wordpress.com/2025/03/12/wp-global-styles-pub%2ftwentytwentyfive/</link>
  <pubDate>Wed, 12 Mar 2025 01:34:53 +0000</pubDate>
  <dc:creator>albeaak</dc:creator>
  <guid isPermaLink="false">https://albeaak.wordpress.com/2025/03/12/wp-global-styles-pub%2ftwentytwentyfive/</guid>
  <description/>
  <content:encoded><![CDATA[{"version":3,"isGlobalStylesUserThemeJSON":true}]]></content:encoded>
  <excerpt:encoded><![CDATA[]]></excerpt:encoded>
  <wp:post_id>6</wp:post_id>
  <wp:post_date>2025-03-12 04:34:53</wp:post_date>
  <wp:post_date_gmt>2025-03-12 01:34:53</wp:post_date_gmt>
  <wp:post_modified>2025-03-12 04:34:53</wp:post_modified>
  <wp:post_modified_gmt>2025-03-12 01:34:53</wp:post_modified_gmt>
  <wp:comment_status>closed</wp:comment_status>
  <wp:ping_status>closed</wp:ping_status>
  <wp:post_name>wp-global-styles-pub%2ftwentytwentyfive</wp:post_name>
  <wp:status>publish</wp:status>
  <wp:post_parent>0</wp:post_parent>
  <wp:menu_order>0</wp:menu_order>
  <wp:post_type>wp_global_styles</wp:post_type>
  <wp:post_password/>
  <wp:is_sticky>0</wp:is_sticky>
  <category domain="wp_theme" nicename="twentytwentyfive"><![CDATA[twentytwentyfive]]></category>
  <wp:postmeta>
    <wp:meta_key>_publicize_pending</wp:meta_key>
    <wp:meta_value><![CDATA[1]]></wp:meta_value>
  </wp:postmeta>
</item>
<item>
  <title><![CDATA[https___github.com_albeaak_albeaak-prm.me-1.zip_.txt]]></title>
  <link>https://albeaak.wordpress.com/?attachment_id=5</link>
  <pubDate>Wed, 12 Mar 2025 00:53:03 +0000</pubDate>
  <dc:creator>albeaak</dc:creator>
  <guid isPermaLink="false">http://albeaak.files.wordpress.com/2025/03/https___github.com_albeaak_albeaak-prm.me-1.zip_.txt_.gz</guid>
  <description/>
  <content:encoded><![CDATA[http://albeaak.wordpress.com/wp-content/uploads/2025/03/https___github.com_albeaak_albeaak-prm.me-1.zip_.txt_.gz]]></content:encoded>
  <excerpt:encoded><![CDATA[]]></excerpt:encoded>
  <wp:post_id>5</wp:post_id>
  <wp:post_date>2025-03-12 03:53:03</wp:post_date>
  <wp:post_date_gmt>2025-03-12 00:53:03</wp:post_date_gmt>
  <wp:post_modified>2025-03-12 03:53:03</wp:post_modified>
  <wp:post_modified_gmt>2025-03-12 00:53:03</wp:post_modified_gmt>
  <wp:comment_status>open</wp:comment_status>
  <wp:ping_status>closed</wp:ping_status>
  <wp:post_name>https___github-com_albeaak_albeaak-prm-me-1-zip_-txt-2</wp:post_name>
  <wp:status>private</wp:status>
  <wp:post_parent>0</wp:post_parent>
  <wp:menu_order>0</wp:menu_order>
  <wp:post_type>attachment</wp:post_type>
  <wp:post_password/>
  <wp:is_sticky>0</wp:is_sticky>
  <wp:attachment_url>https://albeaak.wordpress.com/wp-content/uploads/2025/03/https___github.com_albeaak_albeaak-prm.me-1.zip_.txt_.gz</wp:attachment_url>
  <wp:postmeta>
    <wp:meta_key>_converted_wxr</wp:meta_key>
    <wp:meta_value><![CDATA[1]]></wp:meta_value>
  </wp:postmeta>
  <wp:postmeta>
    <wp:meta_key>_wp_attached_file</wp:meta_key>
    <wp:meta_value><![CDATA[/home/wpcom/public_html/wp-content/blogs.dir/c3b/242519014/files/2025/03/https___github.com_albeaak_albeaak-prm.me-1.zip_.txt_.gz]]></wp:meta_value>
  </wp:postmeta>
</item>
  </channel>
</rss>
